[
  {
    "page_title": "Locations | Lacna",
    "hyper_text": "(323) 726-3868",
    "link": "tel:3237263868"
  },
  {
    "page_title": "Locations | Lacna",
    "hyper_text": "Español",
    "link": "https://lacountynephrology.com/language/es/localizaciones/"
  },
  {
    "page_title": "Locations | Lacna",
    "hyper_text": "Patient Portal",
    "link": "https://16656-1.portal.athenahealth.com/"
  },
  {
    "page_title": "Locations | Lacna",
    "hyper_text": "About Us",
    "link": "https://lacountynephrology.com/about-us/"
  },
  {
    "page_title": "Locations | Lacna",
    "hyper_text": "Physicians & Practitioners",
    "link": "https://lacountynephrology.com/physicians-practitioners/"
  },
  {
    "page_title": "Locations | Lacna",
    "hyper_text": "Letter From Our President",
    "link": "https://lacountynephrology.com/letter-from-our-president/"
  },
  {
    "page_title": "Locations | Lacna",
    "hyper_text": "What We treat?",
    "link": "https://lacountynephrology.com/what-we-treat/"
  },
  {
    "page_title": "Locations | Lacna",
    "hyper_text": "Patient Resources",
    "link": "https://lacountynephrology.com/patient-resources/"
  },
  {
    "page_title": "Locations | Lacna",
    "hyper_text": "New Patient Packet",
    "link": "https://lacountynephrology.com/new-patient-packet/"
  },
  {
    "page_title": "Locations | Lacna",
    "hyper_text": "Patient Education Center",
    "link": "https://lacountynephrology.com/patient-education-center/"
  },
  {
    "page_title": "Locations | Lacna",
    "hyper_text": "Patient Portal / Bill Pay",
    "link": "https://16656-1.portal.athenahealth.com/"
  },
  {
    "page_title": "Locations | Lacna",
    "hyper_text": "Request Medical Records",
    "link": "https://lacountynephrology.com/request-medical-records/"
  },
  {
    "page_title": "Locations | Lacna",
    "hyper_text": "Education Links",
    "link": "https://lacountynephrology.com/education-links/"
  },
  {
    "page_title": "Locations | Lacna",
    "hyper_text": "Glossary of Terms",
    "link": "https://lacountynephrology.com/glossary-of-terms/"
  },
  {
    "page_title": "Locations | Lacna",
    "hyper_text": "Referring Physicians",
    "link": "https://lacountynephrology.com/referring-physicians/"
  },
  {
    "page_title": "Locations | Lacna",
    "hyper_text": "Referral Form",
    "link": "https://lacountynephrology.com/referral-form/"
  },
  {
    "page_title": "Locations | Lacna",
    "hyper_text": "Careers",
    "link": "https://lacountynephrology.com/careers/"
  },
  {
    "page_title": "Locations | Lacna",
    "hyper_text": "Contact Us",
    "link": "https://lacountynephrology.com/contact-us/"
  },
  {
    "page_title": "Locations | Lacna",
    "hyper_text": "Locations",
    "link": "https://lacountynephrology.com/locations/"
  },
  {
    "page_title": "Locations | Lacna",
    "hyper_text": "Home",
    "link": "https://lacountynephrology.com/"
  },
  {
    "page_title": "Locations | Lacna",
    "hyper_text": "3114 W. Beverly Blvd, Montebello, California 90640",
    "link": "https://www.google.com/maps?ll=34.023979,-118.13716&z=17&t=m&hl=en-US&gl=US&mapclient=embed&q=3114+W+Beverly+Blvd+Montebello,+CA+90640+USA"
  },
  {
    "page_title": "Locations | Lacna",
    "hyper_text": "(323) 726-3868",
    "link": "tel:(323) 726-3868"
  },
  {
    "page_title": "Locations | Lacna",
    "hyper_text": "7900 Pacific Blvd. Suite D, Huntington Park, CA 90255",
    "link": "https://goo.gl/maps/dStE3EZyRTBHP3U69"
  },
  {
    "page_title": "Locations | Lacna",
    "hyper_text": "1401 S Grand Ave, Los Angeles, CA 90015",
    "link": "https://goo.gl/maps/hVDuG951kYcFnx6N6"
  },
  {
    "page_title": "Locations | Lacna",
    "hyper_text": "(213)742-5680",
    "link": "tel:(213)742-5680"
  },
  {
    "page_title": "Locations | Lacna",
    "hyper_text": "5949 State St, Huntington Park, CA 90255",
    "link": "https://goo.gl/maps/SBNQUgukeuXY6nhQA"
  },
  {
    "page_title": "Locations | Lacna",
    "hyper_text": "(323)400-6595",
    "link": "tel:(323)400-6595"
  },
  {
    "page_title": "Locations | Lacna",
    "hyper_text": "3575 Whittier Blvd, Los Angeles, CA 90023",
    "link": "https://goo.gl/maps/9mCjPA9LwEL1TLEc7"
  },
  {
    "page_title": "Locations | Lacna",
    "hyper_text": "(323)400-6522",
    "link": "tel:(323)400-6522"
  },
  {
    "page_title": "Locations | Lacna",
    "hyper_text": "309 W. Beverly Blvd, Montebello CA, 90640",
    "link": "https://www.google.com/maps/place/309+W+Beverly+Blvd,+Montebello,+CA+90640,+USA/@34.0150194,-118.1028247,17z/data=!4m5!3m4!1s0x80c2d1d1dfe8bb5f:0x9a36ddb8fce79d3f!8m2!3d34.015015!4d-118.100636"
  },
  {
    "page_title": "Locations | Lacna",
    "hyper_text": "(323) 726-1222",
    "link": "tel:(323) 726-1222"
  },
  {
    "page_title": "Locations | Lacna",
    "hyper_text": "2623 E. Slauson Ave, Huntington Park, CA 90255",
    "link": "https://lacountynephrology.com/locations/google.com/maps/place/2623+Slauson+Ave,+Huntington+Park,+CA+90255,+USA/@33.9895633,-118.2263883,17z/data=!3m1!4b1!4m5!3m4!1s0x80c2c920b8914b7f:0x30dc326fee6c7731!8m2!3d33.9895589!4d-118.2241996"
  },
  {
    "page_title": "Locations | Lacna",
    "hyper_text": "(323) 583-1931",
    "link": "tel:(323) 583-1931"
  },
  {
    "page_title": "Locations | Lacna",
    "hyper_text": "4060 Whittier Blvd, Los Angeles, CA 90023",
    "link": "https://www.google.com/maps/place/4060+Whittier+Blvd,+Los+Angeles,+CA+90023,+USA/@34.0237726,-118.1863383,17z/data=!3m1!4b1!4m5!3m4!1s0x80c2cf404b23fad5:0xfbee1d8162908385!8m2!3d34.0237682!4d-118.1841496"
  },
  {
    "page_title": "Locations | Lacna",
    "hyper_text": "(323) 268-5514",
    "link": "tel:(323) 268-5514"
  },
  {
    "page_title": "Locations | Lacna",
    "hyper_text": "1701 Santa Anita Ave, South EL Monte, CA 91733",
    "link": "https://www.google.com/maps/place/1701+Santa+Anita+Ave,+South+El+Monte,+CA+91733,+USA/@34.048056,-118.045589,17z/data=!3m1!4b1!4m5!3m4!1s0x80c2d0e849e10c49:0x5d60a9181c6596de!8m2!3d34.0480516!4d-118.0434003"
  },
  {
    "page_title": "Locations | Lacna",
    "hyper_text": "(626) 579-7777",
    "link": "tel:(626) 579-7777"
  },
  {
    "page_title": "Locations | Lacna",
    "hyper_text": "4081 E. Olympic Blvd, Los Angeles, CA 90023",
    "link": "https://www.google.com/maps/place/4081+E+Olympic+Blvd,+Los+Angeles,+CA+90023,+USA/@34.0193542,-118.1887354,17z/data=!3m1!4b1!4m5!3m4!1s0x80c2cf3f6a93ed4d:0x623af4ff7041e78!8m2!3d34.0193498!4d-118.1865467"
  },
  {
    "page_title": "Locations | Lacna",
    "hyper_text": "(323) 267-0477",
    "link": "tel:(323) 267-0477"
  },
  {
    "page_title": "Locations | Lacna",
    "hyper_text": "900 S. Atlantic Blvd, Monterey Park, CA 91754",
    "link": "https://www.google.com/maps/place/900+S+Atlantic+Blvd,+Monterey+Park,+CA+91754,+USA/@34.0495522,-118.1405149,17z/data=!3m1!4b1!4m5!3m4!1s0x80c2cf8b0b42edb1:0xd3d96dbab34ea727!8m2!3d34.0495478!4d-118.1383262"
  },
  {
    "page_title": "Locations | Lacna",
    "hyper_text": "(626) 570-9000",
    "link": "tel:(626) 570-9000"
  },
  {
    "page_title": "Locations | Lacna",
    "hyper_text": "13222 Bloomfield Ave, Norwalk, CA 90650",
    "link": "https://www.google.com/maps/place/13222+Bloomfield+Ave,+Norwalk,+CA+90650,+USA/@33.9107178,-118.066307,17z/data=!3m1!4b1!4m5!3m4!1s0x80c2d32a4214b35f:0xa13f25951b76b3b0!8m2!3d33.9107134!4d-118.0641183"
  },
  {
    "page_title": "Locations | Lacna",
    "hyper_text": "(562) 863-4763",
    "link": "tel:(562) 863-4763"
  },
  {
    "page_title": "Locations | Lacna",
    "hyper_text": "1720 E. Cesar Chavez Ave, Los Angeles, CA 90023",
    "link": "https://www.google.com/maps/place/1720+East+Cesar+E+Chavez+Avenue,+Los+Angeles,+CA+90033,+USA/@34.0493011,-118.2193519,17z/data=!3m1!4b1!4m5!3m4!1s0x80c2c60dfb82d9e3:0x86672d0e1bf4de0d!8m2!3d34.0492967!4d-118.2171632"
  },
  {
    "page_title": "Locations | Lacna",
    "hyper_text": "(323) 268-5000",
    "link": "tel:(323) 268-5000"
  },
  {
    "page_title": "Locations | Lacna",
    "hyper_text": "9080 Colima Rd, Whittier, CA 90605",
    "link": "https://www.google.com/maps/place/9080+Colima+Rd,+Whittier,+CA+90605,+USA/@33.949826,-118.0055183,17z/data=!3m1!4b1!4m5!3m4!1s0x80c2d49105367a13:0x5124b1f155c7e596!8m2!3d33.9498216!4d-118.0033296"
  },
  {
    "page_title": "Locations | Lacna",
    "hyper_text": "(562) 945-3561",
    "link": "tel:(562) 945-3561"
  },
  {
    "page_title": "Locations | Lacna",
    "hyper_text": "12401 Washington Blvd, Whittier, CA 90602",
    "link": "https://www.google.com/maps/place/12401+Washington+Blvd,+Whittier,+CA+90606,+USA/@33.9690348,-118.0512604,17z/data=!3m1!4b1!4m5!3m4!1s0x80c2d3b93873333f:0x8850825ffaa1dd73!8m2!3d33.9690304!4d-118.0490717"
  },
  {
    "page_title": "Locations | Lacna",
    "hyper_text": "(562) 698-0811",
    "link": "tel:(562) 698-0811"
  },
  {
    "page_title": "Locations | Lacna",
    "hyper_text": "3112 W Beverly Blvd, Montebello, CA 90640",
    "link": "https://goo.gl/maps/2UVwhH9jxb3qp7uT8"
  },
  {
    "page_title": "Locations | Lacna",
    "hyper_text": "(323) 722-2053",
    "link": "tel: (323) 722-2053"
  },
  {
    "page_title": "Locations | Lacna",
    "hyper_text": "809 S Atlantic Blvd 103, Monterey Park, CA 91754",
    "link": "https://goo.gl/maps/nvRc1EfQ329EWHgXA"
  },
  {
    "page_title": "Locations | Lacna",
    "hyper_text": "(626) 576-8556",
    "link": "tel:(626) 576-8556"
  },
  {
    "page_title": "Locations | Lacna",
    "hyper_text": "Patient Privacy",
    "link": "https://lacountynephrology.com/patient-privacy/"
  },
  {
    "page_title": "Locations | Lacna",
    "hyper_text": "Patient Portal",
    "link": "https://16656-1.portal.athenahealth.com/"
  },
  {
    "page_title": "Locations | Lacna",
    "hyper_text": "Contact Us",
    "link": "https://lacountynephrology.com/contact-us/"
  },
  {
    "page_title": "Locations | Lacna",
    "hyper_text": "lacountynephrology.com.",
    "link": "https://lacountynephrology.com/"
  }
]